Title,Start,End,Mark,URL
Sample Reservation,11/20/19 01:00 PM,11/20/19 04:00 PM,Info,
Sample Reservation,11/25/19 10:00 AM,11/25/19 12:00 PM,Info,
Sample Reservation,11/28/19 11:00 AM,11/28/19 04:00 PM,Info,
Sample Reservation,11/30/19 11:00 AM,11/30/19 12:00 PM,Info,
Sample Reservation,11/30/19 01:00 PM,11/30/19 02:00 PM,Info,
Sample Reservation,12/02/19 11:30 AM,12/02/19 03:00 PM,Info,
sample@test.com,12/04/19 02:00 PM,12/04/19 03:00 PM,Info,
sample1@test.com,12/06/19 10:30 AM,12/06/19 01:30 PM,Info,
sample2@test.com,12/09/19 10:00 AM,12/09/19 02:00 PM,Info,
sample3@test.com,12/13/19 01:00 PM,12/13/19 03:30 PM,Info,
sample4@test.com,12/16/19 12:00 PM,12/16/19 01:30 PM,Info,
sample5@test.com,12/16/19 04:00 PM,12/16/19 06:00 PM,Info,
sample6@test.com,12/17/19 11:00 AM,12/17/19 03:00 PM,Info,
sample7@test.com,12/18/19 10:00 AM,12/18/19 02:00 PM,Info,
sample8@test.com,12/23/19 10:00 AM,12/23/19 01:00 PM,Info,
sample9@test.com,12/23/19 02:00 PM,12/23/19 03:00 PM,Info,
sample10@test.com,12/23/19 04:00 PM,12/23/19 08:00 PM,Info,
abc@gmail.com,03/02/20 10:30 AM,03/02/20 11:30 AM,Info,

